epoch,lr,loss,iou,val_loss,val_iou,val_dice,epoch_sec
0,0.0001,0.8094193078577518,0.43043060523229015,0.8637935663714553,0.02183039744867735,0.042637346673453945,43.891231536865234
1,0.0001,0.7224918231368065,0.586687902142983,0.7988086252501516,0.5289505966210917,0.689865163183379,9.405549049377441
2,0.0001,0.6651283651590347,0.6484131234839632,0.8809925516446432,0.2003467779292617,0.3336339214827226,10.304872512817383
3,0.0001,0.6207031942903996,0.6871213188342363,0.7891797965223138,0.5288890491943832,0.6898204305204998,9.943974733352661
4,0.0001,0.591912254691124,0.6997173926166643,0.7830411520871249,0.5287473647602018,0.6896584952110434,10.335203409194946
5,0.0001,0.581006471067667,0.6977794129848743,0.8375181790554163,0.29068325344390056,0.45024208978343544,10.488293170928955
6,0.0001,0.5522567369043827,0.7266466651289775,0.6699433886643612,0.5760096250126671,0.728718539908064,9.964345693588257
7,0.0001,0.5434725843369961,0.73028632199713,0.6175828377405802,0.6518663023819378,0.787734425359975,9.327611446380615
8,0.0001,0.5367609411478043,0.72539736748536,0.6162262956301371,0.6261157785892739,0.7685168535992303,9.991094589233398
9,0.0001,0.5100476257503033,0.7525510436479281,0.6060555920456395,0.6432512800840314,0.7800642274254815,9.889309406280518
10,0.0001,0.5004497971385717,0.7644741335912151,0.5925918275659735,0.6598993833880419,0.7933285806120879,10.91660189628601
11,0.0001,0.49136749282479286,0.7664806007635333,0.5785748488975294,0.6680260014688529,0.7989160215983445,10.176615238189697
12,0.0001,0.4899895265698433,0.7633913423687617,0.5705362829295072,0.6595221545773728,0.7904144067966153,9.976449012756348
13,0.0001,0.482322933152318,0.7611502168836057,0.6318735787362764,0.6028951182716806,0.7481243117942341,10.319367170333862
14,0.0001,0.46966676227748394,0.7804132266476073,0.5857512083920565,0.6386879413261172,0.7766151364824442,9.4924635887146
15,0.0001,0.4636056572198868,0.7850294662128264,0.5804812817862539,0.6483202113890436,0.784200205446624,10.456508874893188
16,0.0001,0.45073466561734676,0.7934236894178793,0.5305019075220282,0.6834004539559303,0.8094786800040538,12.496933460235596
17,0.0001,0.43187009915709496,0.8175745926188509,0.6033503900874745,0.6093024758851207,0.7555485667788184,9.804946899414062
18,0.0001,0.44009384512901306,0.7955387602653113,0.597610000408057,0.6327163889145931,0.7716223789119641,9.794946670532227
19,0.0001,0.4287264049053192,0.806571901611738,0.5419685443242391,0.6806579018527141,0.8091756835543084,9.899266004562378
20,0.0001,0.4195331409573555,0.8165029774726758,0.5689696561206471,0.657569390935974,0.7909447499018039,10.124809741973877
21,0.0001,0.4182484671473503,0.8144217606942016,0.6093417062903895,0.5998951984041268,0.7488240335325349,10.30789852142334
22,0.0001,0.40843260660767555,0.8225449828688335,0.5463537393194257,0.6731759022387401,0.8020858290545758,10.109940767288208
23,0.0001,0.4088612478226423,0.8109914667643212,0.5249640941619873,0.7003836640462936,0.8220437101947892,10.034401655197144
24,0.0001,0.41136402264237404,0.8102715845489156,0.5007545370044131,0.7050877711766822,0.8247590845296691,9.884546041488647
25,0.0001,0.40591163374483585,0.8145008713272366,0.5299985751961217,0.6844496623509629,0.8092713464947019,10.43778944015503
26,0.0001,0.39891847781836987,0.8151870394659639,0.5017827026771776,0.7043981152116917,0.8237318494290031,9.896316766738892
27,0.0001,0.38687625527381897,0.8268116587278747,0.5792088797598174,0.6366318127495961,0.7738584496714875,10.2495858669281
28,0.0001,0.37990861013531685,0.8308353689880982,0.5643201343940966,0.6462716405024841,0.7813453622292071,10.131844282150269
29,0.0001,0.38194932229816914,0.8288983844113512,0.5105486855362401,0.693259308997437,0.8164528476478887,10.681764125823975
30,0.0001,0.38017889484763145,0.8235858210687144,0.4839398463567098,0.713288166724776,0.8303333656331302,10.284014225006104
31,0.0001,0.377784451469779,0.8213395067979208,0.5085142056147257,0.6884766280309156,0.8113195504907715,9.905044555664062
32,0.0001,0.36061229556798935,0.8447320261193131,0.5363955732547876,0.6754093981894539,0.8024048435205606,10.192435264587402
33,0.0001,0.3512523267418146,0.8499683150309588,0.5449036973895449,0.6662794823119282,0.7965926393284204,10.589509963989258
34,0.0001,0.35356906428933144,0.8409793906486347,0.5026023785273234,0.6906059406162612,0.8141410161425329,10.29312014579773
35,0.0001,0.36336424574255943,0.8309388785176863,0.4816830067923575,0.7127298951021239,0.8299931217327252,9.673033714294434
36,0.0001,0.35050509311258793,0.8376412788317326,0.540149116154873,0.6582343651769332,0.7904280684615181,10.088841199874878
37,0.0001,0.3378940708935261,0.851079185166757,0.49249509789726953,0.70984603000967,0.8281940079422963,10.026859760284424
38,0.0001,0.33892345055937767,0.8478766821067591,0.4395649451198,0.7455188920271291,0.8518331622288368,10.484150886535645
39,0.0001,0.32552108727395535,0.8590624668986141,0.4942564566930135,0.7111809438674026,0.8284589214260063,10.624533891677856
40,0.0001,0.3461020067334175,0.8320482221535107,0.5042098525798682,0.7077096589208584,0.8271510118197966,10.180710792541504
41,0.0001,0.35206397995352745,0.8245573451706498,0.4900761463425376,0.682176235224091,0.8100715852813734,9.839679718017578
42,0.0001,0.3499220684170723,0.8246676705954208,0.5465963374484669,0.6289142319044363,0.7708146098586596,10.312333822250366
43,0.0001,0.32604517228901386,0.8504430529443014,0.5304102464155718,0.6611413499356986,0.793651004041057,9.743224382400513
44,0.0001,0.3159605339169502,0.8579698871115665,0.4876241683959961,0.700335694752536,0.8217254878204393,9.85647988319397
45,0.0001,0.32007526606321335,0.8480848184527671,0.45246396281502466,0.7296461683667149,0.8405445379216254,9.66589069366455
46,0.0001,0.32192468270659447,0.8448939957016628,0.4498102538513415,0.7204853656135823,0.8346290382183702,9.830580234527588
47,0.0001,0.31242676451802254,0.8539086397101949,0.41291625933213666,0.7685383898266008,0.8676529330971458,9.735697984695435
48,0.0001,0.3212987408041954,0.8438266691066896,0.47127435062870837,0.7087331604683472,0.8266521340658345,9.953476428985596
49,0.0001,0.30266716144979,0.8597313541783099,0.45291438608458545,0.7167714440925206,0.8327424503561706,10.076211214065552
50,0.0001,0.30197587236762047,0.8620496241182894,0.4017013564254298,0.7629943427211267,0.8636521367837844,9.667501449584961
51,0.0001,0.2910991571843624,0.866864154165322,0.44230949156212085,0.733415757537981,0.8427156968233458,10.152488470077515
52,0.0001,0.2900247033685446,0.8690704985947606,0.40097884698347613,0.7663070504556199,0.8659390553548012,10.516308546066284
53,0.0001,0.2908885944634676,0.8658433718251769,0.43201385122356994,0.7308076384969895,0.842278970652814,9.8632173538208
54,0.0001,0.2845785226672888,0.871504875607653,0.4448405016552318,0.7275310696456274,0.8390445817445467,9.671912908554077
55,0.0001,0.27846012357622385,0.8743274137974506,0.41538505481951166,0.7565393485914493,0.8605039441001259,9.61136245727539
56,0.0001,0.2934710308909416,0.8530604584277027,0.40364802967418323,0.7530815966040597,0.8576070255873334,10.442445516586304
57,0.0001,0.2791136112064123,0.8694016273145181,0.41010270696697815,0.7434463831224724,0.8507202118438298,11.25825810432434
58,0.0001,0.2727752383798361,0.871396233114636,0.4007005817962415,0.7600863595392485,0.8614192412360459,10.192321062088013
59,0.0001,0.2699165930971503,0.8749472081985497,0.43069748986851086,0.7441187727103754,0.8513238777203612,9.919935703277588
60,0.0001,0.26335408072918653,0.8769660147593865,0.4449508352713151,0.7295841575028675,0.8396205507885784,9.925034761428833
61,0.0001,0.26050843205302954,0.8811929038363031,0.3674975272380944,0.7899512320767018,0.8797974557052741,10.083247900009155
62,0.0001,0.2687358809635043,0.8688769929306919,0.44534427469426935,0.7290850295884443,0.8399960304909346,9.775670051574707
63,0.0001,0.2686785329133272,0.8666722098554662,0.4459541855436383,0.7221480187013071,0.8363540599855854,9.909844875335693
64,0.0001,0.26586678996682167,0.8687626960577386,0.3975951201987989,0.7604246112460822,0.8611679449025298,9.654222249984741
65,0.0001,0.2632180191576481,0.8695956174741245,0.38051663926153473,0.7710673085375375,0.8678972437400044,9.450650453567505
66,0.0001,0.2672820221632719,0.8658889943794514,0.3874525951616692,0.7614939477489246,0.8628027341711947,10.413115501403809
67,0.0001,0.2584975827485323,0.8727662757447224,0.3855214805314035,0.7662789864768788,0.865534190919075,10.20557427406311
68,0.0001,0.25965129770338535,0.8711072382267364,0.4192613128459815,0.7365433638462369,0.8457779216200816,10.041275024414062
69,0.0001,0.24388015363365412,0.8854966432071675,0.3622670282017101,0.7866216302845569,0.8784897615893084,9.825046300888062
70,0.0001,0.2428366420790553,0.8830615750242597,0.357877973354224,0.7829908233502276,0.875802343899596,9.623056411743164
71,0.0001,0.24669134803116322,0.8804801591954055,0.3761071400208907,0.7693775878005001,0.8665821539947788,9.226375579833984
72,0.0001,0.2454203525558114,0.8774335987037206,0.3726194952473496,0.7669110942648285,0.866284160162393,9.784201860427856
73,0.0001,0.2449598191305995,0.875417640771383,0.3801661856246717,0.7621187804120613,0.862929551550801,9.628804683685303
74,0.0001,0.24948606174439192,0.8748127782530223,0.37122383442792023,0.7694389389208979,0.8681823559693864,10.164438962936401
75,0.0001,0.23302559833973646,0.886353804197039,0.39061409054380475,0.7494176368359867,0.8549975161390072,9.528544664382935
76,0.0001,0.22901039756834507,0.8873293133088699,0.3487273653348287,0.7884858336252547,0.879986516440547,9.521456718444824
77,0.0001,0.22841310128569603,0.8878906229798929,0.34284581198836817,0.7951863378238374,0.8840015356692112,9.792145252227783
78,0.0001,0.22161360550671816,0.8925534189981057,0.33660509730830335,0.8004811308257628,0.8875597755276597,10.064959526062012
79,0.0001,0.22847626637667418,0.8861063296454093,0.3424048459891117,0.791136011423594,0.8815549766476263,10.971560955047607
80,0.0001,0.2195900920778513,0.8946442513165418,0.34462994517702045,0.7867186660019576,0.8793289879744955,9.385272741317749
81,0.0001,0.22365973517298698,0.8902499748767324,0.37656881231250183,0.7609941973795391,0.8626269462450857,10.265697956085205
82,0.0001,0.21112988982349634,0.8996130622783298,0.33141845645326556,0.8027594623705028,0.889005504000757,10.210092067718506
83,0.0001,0.21749103628098965,0.8925287306322085,0.33717704902995715,0.7961911272744513,0.8846296144753015,10.162407159805298
84,0.0001,0.22803408280014992,0.8819573219774651,0.3628174463907878,0.7737553768721541,0.8703801236679496,10.410272598266602
85,0.0001,0.21371695585548878,0.8921424560180071,0.3342798550923665,0.794877019851164,0.8835399561517112,9.550586462020874
86,0.0001,0.22039726469665766,0.8875662193645432,0.428755496487473,0.7267488847971878,0.8391289627163159,10.24540901184082
87,0.0001,0.22137844655662775,0.8834713743779613,0.3589238434126883,0.7736193384875611,0.8707990903981194,10.231740474700928
88,0.0001,0.25823368690907955,0.852220433222304,0.35915258617112134,0.7745105035388196,0.8720379260162991,10.14242935180664
89,0.0001,0.21779256593436003,0.8848883532550398,0.35050221464850684,0.7841481535323535,0.8772304495293936,9.725278615951538
90,0.0001,0.22276635840535164,0.8789936504791495,0.30927667473301745,0.8117205434165488,0.8945393075900043,9.608757734298706
91,0.0001,0.2084071161225438,0.8929262488256604,0.3550911780559655,0.7794830303312111,0.873855666758644,9.850126266479492
92,0.0001,0.21103183180093765,0.8910387736499858,0.3610416759144176,0.7737034659386101,0.8706113780710089,10.435455799102783
93,0.0001,0.21152771078050137,0.8872802535456862,0.35678745038581616,0.7743510777480513,0.870118366684467,10.580586433410645
94,0.0001,0.21574101131409407,0.88434583429987,0.32380560311404144,0.7957470089462597,0.8841545867024212,10.816220045089722
95,0.0001,0.21191691048443317,0.8866033909554861,0.3375365138053894,0.7821533546061001,0.8760684154741649,11.323978424072266
96,0.0001,0.20196717139333487,0.8948900403253895,0.34674331274899567,0.7851674856762605,0.8774899099623427,13.747343063354492
97,0.0001,0.1964794909581542,0.8981738674924528,0.3419054566007672,0.7883338130035273,0.8792386348256761,21.169068813323975
98,0.0001,0.19971292652189732,0.8951474863143093,0.3378843538688891,0.7858800718138829,0.8774054356226152,31.215712785720825
99,0.0001,0.19689058791846037,0.8962569460712333,0.29966995752219,0.8171129651155102,0.8978013955284859,31.68786334991455
100,0.0001,0.19568698294460773,0.8978967563170579,0.292225460211436,0.8234217525762951,0.9016167443383373,12.5227689743042
101,0.0001,0.2009516479447484,0.8931262495476284,0.3083758336124998,0.8093977180849508,0.8929249630953807,12.248907804489136
102,0.0001,0.19826769921928644,0.8931651032109675,0.3140253551078565,0.802462601288315,0.8883702201928256,12.011687278747559
103,0.0001,0.19760517217218876,0.892755818419154,0.2902165958375642,0.8216091643543633,0.9004251558581885,12.358015775680542
104,0.0001,0.19312527030706406,0.897060756967956,0.2969243201342496,0.8162899011009248,0.8970831658168137,11.900832653045654
105,0.0001,0.18895018007606268,0.90145039510603,0.2900521213358099,0.823432834856113,0.901496655873793,11.879796743392944
106,0.0001,0.19007193110883236,0.8967715914911848,0.3572224631454005,0.7762580235952538,0.8720827166072437,10.981653690338135
107,0.0001,0.1792651852592826,0.905539060031536,0.2905104702169245,0.8207079866765579,0.8995032272905542,12.410613775253296
108,0.0001,0.18088851030915976,0.9037006298782009,0.296624021096663,0.8154959101125132,0.8965768281526617,17.90882134437561
109,0.0001,0.1860175570473075,0.8985755566622192,0.3303049152547663,0.791088599978143,0.8807377691249877,29.79232907295227
110,0.0001,0.17739082500338554,0.9076393788446248,0.3053322018999042,0.8114449777127928,0.8935018444913099,32.017303228378296
111,0.0001,0.18194359354674816,0.9026875271715813,0.3338540955023332,0.7900699226775606,0.8799380522845132,28.877467393875122
112,0.0001,0.1986302761361003,0.8906242796412723,0.33766341390031757,0.787152726212815,0.8791482672379561,29.40488076210022
113,0.0001,0.1840286599472165,0.8973495788362122,0.312612797274734,0.8025212878910539,0.8886766637738999,27.391735792160034
114,0.0001,0.17955041583627462,0.9023779018172691,0.3144094980124271,0.8022112590167682,0.8887309658923059,27.916987419128418
115,0.0001,0.17428802512586117,0.9063498501523743,0.2931289727037603,0.8179407299591819,0.8983818596715369,31.374123096466064
116,0.0001,0.17176705226302147,0.9068014795325936,0.28592136231335724,0.8211144373004893,0.9001953887494671,28.394612550735474
117,0.0001,0.1717297863215208,0.906595181688936,0.2918298569592563,0.8148213370503714,0.8965867560454504,28.492061376571655
118,0.0001,0.17029286734759808,0.9076686366200302,0.2947913950139826,0.8136856553147714,0.8954459812256153,32.59466242790222
119,0.0001,0.1632970618084073,0.9136583192016786,0.2782189900224859,0.8275426610641912,0.9040588531831585,28.026918411254883
120,0.0001,0.17064747214317322,0.9065309628286952,0.28474813157861883,0.8220573607799954,0.9007287950353858,29.675835847854614
121,0.0001,0.17152003571391106,0.9054281703901883,0.3025490984772191,0.8106891625459507,0.8936897259595192,28.114798069000244
122,0.0001,0.171401584520936,0.906152939763476,0.2843296311118386,0.8197323691058057,0.8995061568319631,29.887551307678223
123,0.0001,0.1792864864692092,0.8999031238697299,0.3026069800059001,0.807936941537962,0.8920996326493081,29.69248914718628
124,0.0001,0.17539820075035095,0.9015316697746592,0.3416122143918818,0.784345953576646,0.877672010915445,31.416712760925293
125,0.0001,0.17684597056359053,0.8979713401665576,0.32186191551613086,0.7953551392670797,0.8845042612924839,27.200056314468384
126,0.0001,0.172540376894176,0.9027527905785544,0.3063352812420238,0.7994086773238386,0.8873042250673246,28.290936708450317
127,0.0001,0.16389123909175396,0.9106705782896569,0.2843262697711135,0.8213828446559198,0.900422938289151,27.719151258468628
128,0.0001,0.1664609033614397,0.9068998451648752,0.269537242976102,0.8309646933919786,0.9061653993027651,29.81430745124817
129,0.0001,0.160930335521698,0.9111538532600579,0.2698603200189995,0.829861344370457,0.9053412967578859,28.38401746749878
130,0.0001,0.16470090858638287,0.909351988107772,0.26264985583045264,0.8340314265611238,0.9081340082335463,29.784794807434082
131,0.0001,0.16140456590801477,0.9092477721640344,0.28086147525093774,0.8215730937071376,0.9006244399316462,31.095665216445923
132,0.0001,0.15467743761837482,0.9147029973428964,0.2669270165038831,0.8330568558467026,0.9071727938891421,28.799511671066284
133,0.0001,0.1591920917853713,0.9090331153780536,0.29392964189702814,0.8111596648870708,0.8933376998556629,29.67945384979248
134,0.0001,0.16925120167434216,0.9009624793702414,0.2757718689513929,0.8269176960670577,0.9035263996956241,27.513663291931152
135,0.0001,0.1533765196800232,0.9136708945318035,0.2728780544165409,0.8294558984151555,0.9050910111471463,28.40009880065918
136,0.0001,0.15608451701700687,0.9124653572822605,0.2742856072657036,0.8274873257450054,0.9036935190994692,30.082916975021362
137,0.0001,0.15262384060770273,0.9135168506613918,0.28595062096913654,0.8168906783764214,0.897531684366996,28.69641876220703
138,0.0001,0.15802423562854528,0.9097264236791849,0.27845995715170196,0.8232119035507376,0.901444033822791,29.00989031791687
139,0.0001,0.1549401767551899,0.9112959619330763,0.2700011676008051,0.8303076396388391,0.9059996974303801,29.800375938415527
140,0.0001,0.16328302305191755,0.9048701940557048,0.30363128582636517,0.8040065793175414,0.889531088312251,28.705522060394287
141,0.0001,0.172721060924232,0.8971336579415033,0.29151808854305383,0.8137057077557985,0.8956522144271687,32.49896788597107
142,0.0001,0.15385188814252615,0.9105809781919791,0.26413525957049744,0.8326030107443513,0.9072205851685367,29.212063312530518
143,0.0001,0.15124912932515144,0.9147942958611773,0.274677959355441,0.8250779994794781,0.9022118981151963,28.987292051315308
144,0.0001,0.1594283883459866,0.9047079007732105,0.273109930934328,0.8256672749102572,0.9028315750038889,28.61078190803528
145,0.0001,0.1460812301374972,0.916199642828827,0.2791052587104566,0.8199446840011179,0.899638692532458,30.802181243896484
146,0.0001,0.14641213789582253,0.9158622671414687,0.26029432903636585,0.8341054653255203,0.9080495012885452,29.49317479133606
147,0.0001,0.14866683259606361,0.9140687477796764,0.28235648798220087,0.8189083270163164,0.898828887644834,30.41247057914734
148,0.0001,0.14521771017462015,0.9166815386698669,0.27276099811900745,0.8267165172090393,0.9036516104329563,28.27880859375
149,0.0001,0.151122422888875,0.9107495313324689,0.2886318022554571,0.8148199445588155,0.8965873168402836,29.102917194366455
150,0.0001,0.15130388736724854,0.9118492112891973,0.2678635987368497,0.8262224699210302,0.9032504035877242,29.19281840324402
151,0.0001,0.1479530744254589,0.9119570929359716,0.28580737655813043,0.8189437555820187,0.8982931640915096,27.69182825088501
152,0.0001,0.1512580788694322,0.9122183166516993,0.29018214074048126,0.816436995303456,0.8966210088583427,25.792454481124878
153,0.0001,0.14986623357981443,0.912647879194184,0.2568956902532866,0.8375494125623307,0.9102947547432622,27.294172763824463
154,0.0001,0.1427420238032937,0.9165996107568455,0.26969212835485284,0.8265413043336036,0.9033757986340452,26.084268808364868
155,0.0001,0.13981929700821638,0.9201104178517696,0.2679651307337212,0.8316521051361493,0.9063923430571412,29.588478803634644
156,0.0001,0.14493235433474183,0.9148941481411004,0.2689657843474186,0.8272338552945107,0.9036158042366577,26.882588148117065
157,0.0001,0.14335770439356565,0.9166911871591704,0.2691860018354474,0.8291159521693643,0.9047344469469717,27.29456353187561
158,0.0001,0.13765268865972757,0.9191745852877672,0.26127536007852264,0.8307438475261547,0.9055232953377271,27.212618350982666
159,0.0001,0.1419365922920406,0.9172575861601251,0.27848099036650226,0.8257566357096988,0.9027271304020321,27.38532328605652
160,0.0001,0.14044840540736914,0.9184000045087116,0.2651327234325987,0.8298039899135906,0.9051911686992477,28.199284553527832
161,0.0001,0.1483612242154777,0.9115581805222225,0.2829608339251894,0.8206348575957442,0.9002730676709649,28.084172248840332
162,0.0001,0.144655745010823,0.9135093735440782,0.28069193616057886,0.8165932297859287,0.8974869890868942,30.988492965698242
163,0.0001,0.1587823606096208,0.9016937443402642,0.31962959332899615,0.7996003712987019,0.8856588541417258,29.77279829978943
164,0.0001,0.15073963161557913,0.909311980051272,0.30141829360615124,0.806742132511641,0.8911845734482625,31.49035620689392
165,0.0001,0.15844656340777874,0.9007621723097803,0.26278447382377856,0.8274595471055747,0.9038299577762308,30.17521095275879
166,0.0001,0.1440022699534893,0.9134274790210704,0.25461260838942096,0.8374219810041793,0.9103241698981032,30.39885425567627
167,0.0001,0.136039306409657,0.9190099567288098,0.2616255229169672,0.8328651479930872,0.907139380705667,29.5027813911438
168,0.0001,0.1339634987525642,0.9193664473919767,0.2517833836150892,0.8378710885310424,0.9101174632211393,32.20928716659546
169,0.0001,0.14078118046745658,0.9152076834567296,0.29385991891225177,0.8119191567394024,0.8939853004137891,33.47043037414551
170,0.0001,0.13236273266375065,0.9219300455691766,0.28143278215870715,0.8169444081701992,0.8980513597496372,32.2127685546875
171,0.0001,0.14126924751326442,0.914772648714935,0.2629507075656544,0.8270223663167738,0.9041256498419252,30.922568798065186
172,0.0001,0.13209330942481756,0.9220707072987865,0.2596982428521821,0.8316114015939101,0.9066727621397117,31.02836513519287
173,0.0001,0.14403409836813807,0.9110544596857459,0.2661615321130464,0.8302227726482628,0.9058941589438031,30.5068039894104
174,0.0001,0.1360295838676393,0.9182597613394263,0.26405906677246094,0.8319006408931655,0.9071847110287886,29.194324493408203
175,0.0001,0.13105486519634724,0.9216845109418709,0.2548626823858781,0.8378134723163625,0.9104758238272636,31.080036640167236
176,0.0001,0.13072803150862455,0.9216305184148357,0.24355475649689184,0.8432566016268747,0.9138013750468755,29.720852613449097
177,0.0001,0.13663560897111893,0.91844041581678,0.24777901895118482,0.8423708749972095,0.9131832993467991,30.5002498626709
178,0.0001,0.1335692461580038,0.9192895068582319,0.263227560303428,0.8290949821138819,0.9051354964836782,26.583537578582764
179,0.0001,0.1344563621096313,0.9199695412115726,0.24572324572187482,0.8410419508168122,0.9124492630684934,28.568886041641235
180,0.0001,0.12687982991337776,0.9243520279914992,0.2595743103460832,0.8320715040069456,0.9069777785859005,35.59894394874573
181,0.0001,0.12452879454940557,0.9265242613974202,0.2583974256659999,0.8335336114140212,0.9079841724181897,22.10599708557129
182,0.0001,0.12597723165526986,0.9243836440969068,0.2532494646130186,0.8367267582407555,0.9095833614404671,16.154227018356323
183,0.0001,0.13046188093721867,0.9221088259182572,0.2710358807534883,0.8241443621152096,0.9020999622490523,17.07611083984375
184,0.0001,0.12557730078697205,0.9242276517550815,0.27414932214852533,0.8238442023470359,0.9019702054530921,16.556768655776978
185,0.0001,0.11973391426727176,0.9287334860308283,0.2559278968608741,0.8345313380843837,0.9085189875263194,17.27936887741089
186,0.0001,0.1254389826208353,0.9244011878867678,0.2586385968959693,0.8361180150680583,0.9093518064473686,16.720282077789307
187,0.0001,0.12269120896235108,0.9263533008035041,0.26287510178305884,0.832585601332697,0.9075163443525643,17.57409977912903
188,0.0001,0.12479018699377775,0.9238843712436395,0.2512631831747113,0.8389139364390692,0.9113047424783864,17.370307445526123
189,0.0001,0.12661029631271958,0.9223419697289108,0.26073056278806744,0.8336274345581157,0.9081472529231144,16.9970440864563
190,0.0001,0.128490696195513,0.9224924628345934,0.2637165875145883,0.8354468445353107,0.9090811749370687,17.397772550582886
191,0.0001,0.12646811548620462,0.9241343793492323,0.2611961545366229,0.8333113359631313,0.9075978769542207,18.1543607711792
192,0.0001,0.12045719660818577,0.9268938428570539,0.24723469307928375,0.8418772528944972,0.9129119769130978,19.2825026512146
193,0.0001,0.11720895674079657,0.9289011902639012,0.24523310950308136,0.8434164127414518,0.9137107881898773,17.4535129070282
194,0.0001,0.1205661571584642,0.9265740267004234,0.26146981752280035,0.8338470588685671,0.9077907203653334,20.21065592765808
195,0.0001,0.11783718643710017,0.9284760418147893,0.25770438078678015,0.8356789647919499,0.9089836098893047,18.229360342025757
196,0.0001,0.1177830109372735,0.9283142520205497,0.2519945267475013,0.8367935094431789,0.9097013952569727,19.98530888557434
197,0.0001,0.11881692800670862,0.9283353620065715,0.26211507031411835,0.8361245004318894,0.9095276509887257,18.791234970092773
198,0.0001,0.1269218293018639,0.9218358105767747,0.27329273296125006,0.8258410004227067,0.9027417251595345,20.68590021133423
199,0.0001,0.1146375541575253,0.929738088940699,0.25816208666021173,0.8349681121502923,0.9085729496829401,19.168104887008667
200,0.0001,0.11656773276627064,0.9284717930274329,0.25370123892119434,0.8372265479015353,0.9098586463474319,19.584805011749268
201,0.0001,0.12218878185376525,0.9252083784199274,0.2509043740503716,0.8414042889729842,0.9123358660642236,20.37733221054077
202,0.0001,0.11839657602831721,0.9276294605392976,0.2630627209489996,0.8317903201975052,0.9067248550780985,20.281486988067627
203,0.0001,0.11600415036082268,0.929141277102431,0.25328333991946594,0.8379201876100311,0.9103538382765389,20.256641149520874
204,0.0001,0.11753496341407299,0.9273625249232728,0.25391442667354236,0.8370070988827383,0.9099694383992121,18.712697744369507
205,0.0001,0.11658065114170313,0.9288329831256111,0.24791065309986923,0.841161986456842,0.912511036986769,16.57454562187195
206,0.0001,0.11738181300461292,0.9273876368619236,0.24991936936522974,0.8403814633750988,0.9119246001165936,18.080530881881714
207,0.0001,0.11217153910547495,0.9316647510784435,0.258305139613874,0.8337906848081903,0.9078995872802823,17.902352809906006
208,0.0001,0.11312335869297385,0.9306597784173704,0.2524926120584661,0.8377445579598946,0.910230763476453,17.89497447013855
209,0.0001,0.11490452336147428,0.9295256115413395,0.25313319040067267,0.8371690322298508,0.910079920783049,17.774799585342407
210,0.0001,0.11022827168926597,0.9332867729769141,0.25918437856616394,0.8362001265805921,0.9093553338317754,18.486554622650146
211,0.0001,0.11180920340120792,0.9309523610478081,0.27155110330292676,0.8277413037839627,0.9039064009014789,17.06326127052307
212,0.0001,0.12183555727824569,0.9235651390764575,0.28281744682427606,0.8179839150649862,0.8979093527854615,17.20325756072998
213,0.0001,0.11536613153293729,0.9282591393476518,0.2551736867789066,0.8357547611694326,0.9092187200112224,16.761831760406494
214,0.0001,0.10894682118669152,0.9327602269061989,0.2522637807961666,0.8382072513098797,0.9106596588685397,18.083660364151
215,0.0001,0.11232784856110811,0.9297883204435173,0.24992789644183536,0.8405522984058664,0.9118775679679845,17.625157356262207
216,0.0001,0.11199682019650936,0.9306741629073414,0.2492232286568844,0.8414624737454564,0.9126596690593289,17.366016149520874
217,0.0001,0.1103234812617302,0.931091816763144,0.25863948012843274,0.8342151559103319,0.9081299041416192,17.975934982299805
218,0.0001,0.11508112540468574,0.9274424947901593,0.25574918768622656,0.8363748196713037,0.9095640183315693,17.68255877494812
219,0.0001,0.1130908327177167,0.9292006442853519,0.2425621964714744,0.8440476243737294,0.9141011945367079,17.353989839553833
220,0.0001,0.11824215669184923,0.9259859349796468,0.248232491088636,0.8426197874069382,0.913451485580949,16.983787298202515
221,0.0001,0.11456120479851961,0.9283959837413704,0.2651062932881442,0.829404531307876,0.9050170396501966,18.7898108959198
222,0.0001,0.11353657813742757,0.9293556001345953,0.24712734872644598,0.8414750789965584,0.912676077822156,18.628992557525635
223,0.0001,0.11027229158207774,0.9306236784076012,0.2599042834657611,0.8336367350984342,0.9078228646944507,19.152005672454834
224,0.0001,0.10751593997702003,0.9322673927557646,0.25384764418457495,0.8383682383920781,0.9108069028905438,17.678075551986694
225,0.0001,0.10797477141022682,0.9319355603787224,0.25717513489000726,0.8347972937521728,0.9084321481300246,18.05995488166809
226,0.0001,0.10526059288531542,0.9345297989492712,0.26040016159866797,0.8321503876034602,0.9066872511357552,17.850528717041016
227,0.0001,0.11071289610117674,0.9309080831037607,0.2599868449297818,0.833036713136739,0.9075838952005074,18.377906560897827
228,0.0001,0.10768363066017628,0.9318343363840625,0.2546870130481142,0.837688893834806,0.9102709126913529,17.975475788116455
229,0.0001,0.11103730043396354,0.9303898574726444,0.25133825974030927,0.8394937324347346,0.9115501308219723,18.829655170440674
230,0.0001,0.10948620084673166,0.9311731404506962,0.24769397576649985,0.8424651822445355,0.9132591070073136,18.191068172454834
231,0.0001,0.11335778562352061,0.9290884777207538,0.24489875273271042,0.8431537631728695,0.9135230519045925,18.910977840423584
232,0.0001,0.11227717716246843,0.9296038203175362,0.24635648546796857,0.8422877861787422,0.9128667014405449,17.676074504852295
233,0.0001,0.11112250667065382,0.9318220828608139,0.2586995236801379,0.8341453343709777,0.9084710189080402,17.497965335845947
234,0.0001,0.10409269900992513,0.9355289917160241,0.25612119111147796,0.837197450349066,0.910189433752294,18.277424573898315
235,0.0001,0.10714792413637042,0.9328642647958024,0.2586954561146823,0.8340335327764765,0.9082784779262729,16.92276167869568
236,0.0001,0.10613774554803967,0.9336680127331878,0.2613434267766548,0.8350075441088669,0.9086699592737728,18.31952166557312
237,0.0001,0.10375260841101408,0.9362668042070766,0.2577010411204714,0.835409224199144,0.9090214748221852,20.291258811950684
238,0.0001,0.10353288194164634,0.9351640089703542,0.2652437181183786,0.8313211941264095,0.9064897422525285,18.496574878692627
239,0.0001,0.10233124857768416,0.9362223382085857,0.2542172002069878,0.8390152516308149,0.9111380999325598,17.563189268112183
240,0.0001,0.10527612688019872,0.9342525269606659,0.268208207506122,0.8294273635430209,0.9054544672166818,18.808335542678833
241,0.0001,0.10136815626174212,0.9364526142877599,0.24729069977095633,0.8414784799591807,0.9125954360858815,18.165216207504272
242,0.0001,0.10431951330974698,0.934680758075046,0.2671659570751768,0.8286087888760162,0.9048214154292314,17.756827354431152
243,0.0001,0.10324922343716025,0.934632047845061,0.24771982250791608,0.8402733034117416,0.9118030447218891,17.959426403045654
244,0.0001,0.10389017360284925,0.9342348048055995,0.2627262942718737,0.8312762507308551,0.9063137415945786,18.07438826560974
245,0.0001,0.0994492070749402,0.936625006469224,0.2610818653395682,0.8330308528940698,0.9073505809464522,18.92411708831787
246,0.0001,0.09936439665034413,0.93697885089349,0.26433422168095905,0.8305220211347897,0.9057843995597165,18.01589560508728
247,0.0001,0.10553118586540222,0.9329890358846449,0.26209042469660443,0.831910966174714,0.9065711409049966,20.516546726226807
248,0.0001,0.10866766702383757,0.9301642283907667,0.24974507454669836,0.8441470186543123,0.9143232211178375,17.412681818008423
249,0.0001,0.10389943514019251,0.9347377585467747,0.2601878588849848,0.8342980920051293,0.9086556841807718,18.184155702590942
250,0.0001,0.10154189821332693,0.9359497262181008,0.2616079539963693,0.8314602418764218,0.9066583782478311,18.05059313774109
251,0.0001,0.10119557846337557,0.9373615738241016,0.2616773717331164,0.8317132287915274,0.9069588291998159,17.81219744682312
252,0.0001,0.09886878682300448,0.9376161980971417,0.2542887564861413,0.8382937373541177,0.9106862717603508,18.61991047859192
253,0.0001,0.09949673619121313,0.9375873055586098,0.25259271715626574,0.8394989595578354,0.911466869991334,19.18140745162964
254,0.0001,0.10177376214414835,0.9347188158227377,0.25768682992819586,0.8353009537920038,0.9088495272355842,17.66932487487793
255,0.0001,0.10195864317938685,0.9345334634430327,0.2650442051165032,0.8306966827664325,0.906196503997873,17.425925970077515
256,0.0001,0.0966604775749147,0.93811266208776,0.2585716825543028,0.8347506668883063,0.908416438154162,18.626276969909668
257,0.0001,0.09948759526014328,0.9366582309650902,0.2675990480365175,0.8291848026413409,0.905062354247506,19.288790702819824
258,0.0001,0.10157028073444963,0.9353847949841678,0.25516325415986957,0.8358944485453144,0.9091846673005793,19.50321912765503
259,0.0001,0.096251314971596,0.9392804509073585,0.25366121530532837,0.8385527003341929,0.9108337614551021,17.565303802490234
260,0.0001,0.09977590246126056,0.9368168924087202,0.2568346207792109,0.8383735583812459,0.9107557629354176,17.958202123641968
261,0.0001,0.09712100308388472,0.937350510443064,0.2541863773808335,0.840805101956645,0.9122292396514432,19.29250192642212
262,0.0001,0.09772055968642235,0.9378862663418573,0.25208648948958423,0.8406620087060725,0.9121191571654602,18.890340089797974
263,0.0001,0.09547405643388629,0.9386734487954768,0.25145847327781445,0.8405092158933614,0.9119580332999271,18.365158557891846
264,0.0001,0.09669665666297078,0.9387402195028564,0.2558239355231776,0.8368026114545442,0.9098329216145463,17.286508321762085
265,0.0001,0.09708437323570251,0.9376710260764569,0.244977000987891,0.8443838377121786,0.9143497497886788,17.62095880508423
266,0.0001,0.09660772792994976,0.9384414916553766,0.2528923334497394,0.8405203926234924,0.9120470148620448,18.55540633201599
267,0.0001,0.09875399572774768,0.9372435567019917,0.2584974892211683,0.8355404810776385,0.9091179743641132,18.862590312957764
268,0.0001,0.09762627491727471,0.9370350690321237,0.26569661949620105,0.8291152773086026,0.9051510308906058,17.131486415863037
269,0.0001,0.0957507505081594,0.9386676395898429,0.27208468227675464,0.8273648915915899,0.9038499809962046,17.56247067451477
270,0.0001,0.09241452673450112,0.9410961246214458,0.2610013773947051,0.8346538470710478,0.9084569922137152,17.08006715774536
271,0.0001,0.09665130265057087,0.9384195446268517,0.25360631942749023,0.8385274844247779,0.9109633758504319,16.87191653251648
272,0.0001,0.09411774948239326,0.9398125593879214,0.2458964315327731,0.8440583930240007,0.9142667386326725,16.877180099487305
273,0.0001,0.0987236499786377,0.9367278621425579,0.2537295800266844,0.838291524598597,0.9108909777585504,17.274776935577393
274,0.0001,0.09674661653116345,0.9384248044288763,0.24763026201363766,0.8452850906899673,0.9151223872093486,18.2935209274292
275,0.0001,0.09447151469066739,0.9389839553523738,0.2635147174199422,0.8324436924566407,0.9072987092659957,19.478925228118896
276,0.0001,0.09687960101291537,0.9383172800039388,0.25686455676049896,0.8362482481795007,0.9093192354687669,25.079309940338135
277,0.0001,0.0979326032102108,0.9371721706320487,0.2658174146305431,0.8304827246428251,0.90579214856118,24.577115535736084
278,0.0001,0.0942535842768848,0.9392795039706369,0.25194808027961035,0.8411171155212291,0.9122938218804253,20.175645112991333
279,0.0001,0.09377896273508668,0.9402871275951042,0.2613800186099428,0.8347624505699316,0.9087206115753926,20.273786067962646
280,0.0001,0.09812839655205607,0.93723483523036,0.2659735011331963,0.8302355126788075,0.9058299840290144,21.570637464523315
281,0.0001,0.09602901851758361,0.9381254126116522,0.2570250883246913,0.8368653758201947,0.9098634584973995,20.62414312362671
282,0.0001,0.09610422374680638,0.9378599263215326,0.26806025613438,0.828447326642233,0.9047016213557164,18.70664668083191
283,0.0001,0.09382849698886275,0.9397078438911086,0.2591517892750827,0.8351749427397923,0.9086257544292604,17.51271367073059
284,0.0001,0.09675082843750715,0.9385137463694653,0.2536594524528041,0.8384840363120788,0.910786905579199,19.964840173721313
285,0.0001,0.09433210967108607,0.9394460315193708,0.2584798914013487,0.8366712714438561,0.9096661082250157,18.620110511779785
286,0.0001,0.08947604801505804,0.9428878503413808,0.2523306228897788,0.8411752874733063,0.9122257283715808,18.700302362442017
287,0.0001,0.08917730255052447,0.9431948932004155,0.2557950670068914,0.837530796327771,0.9100450019490086,18.881929636001587
288,0.0001,0.09279375337064266,0.9401344395807484,0.2581053538755937,0.8358960789613397,0.909126254859413,21.811885595321655
289,0.0001,0.09179777279496193,0.941126445777314,0.2519634962081909,0.8394187386750791,0.9111774638316505,20.07577419281006
290,0.0001,0.09277037670835853,0.9409714911435461,0.25416996081670123,0.8398534115480231,0.9116696749773472,18.093091011047363
291,0.0001,0.09540711902081966,0.9384659527565693,0.255088033098163,0.838192724850906,0.9106254571208681,17.71475577354431
292,0.0001,0.09254829119890928,0.9404122880280195,0.26471222350091644,0.8310626212376729,0.9064171184819856,17.830947160720825
293,0.0001,0.0909766498953104,0.9415519709905031,0.2591007658929536,0.8350730846204458,0.9087932044353846,17.29850482940674
294,0.0001,0.09176959050819278,0.942079947087485,0.2565090331164273,0.8377579676386243,0.9103949064520308,18.17733931541443
295,0.0001,0.09233671566471457,0.9398950365150297,0.2548798756165938,0.8384899075149912,0.9108205724271753,17.674638986587524
296,0.0001,0.08970192121341825,0.9425837443077042,0.25315206520485156,0.839027113594652,0.9111583482246335,17.966811895370483
297,0.0001,0.08932313555851579,0.9429373868336604,0.25307015397331933,0.8391075937978153,0.9111345622811113,19.018563747406006
298,0.0001,0.09374697413295507,0.9393143120896306,0.25257227818171185,0.8415996472653486,0.9125121340606343,18.633504629135132
299,0.0001,0.08994062850251794,0.9425958628119551,0.2543301564274412,0.8387224791438977,0.9109575754555402,17.2105770111084
300,0.0001,0.08919599046930671,0.9423334942253199,0.2628252957806443,0.8338294032849792,0.9080002737724527,18.294370412826538
301,0.0001,0.08808297058567405,0.9428944481610225,0.26757234515565814,0.8303689368277183,0.9059605842156764,18.08468747138977
302,0.0001,0.09015201358124614,0.9416980654472165,0.2637296499628009,0.8344839297944953,0.9084045457220343,18.259979009628296
303,0.0001,0.09155259234830737,0.9418212427102103,0.2574619542468678,0.8368685772107494,0.9099920644283832,18.5645854473114
304,0.0001,0.0896979053504765,0.9423602052352268,0.24994597109881314,0.8417192544703733,0.9127899790055052,18.478094339370728
305,0.0001,0.08746892027556896,0.9444924825551758,0.2498897368257696,0.8418947570277285,0.9128122857676612,17.945467710494995
306,0.0001,0.08618896035477519,0.94455754188723,0.24854942704692032,0.8424056299628628,0.9131687628676244,17.784221172332764
307,0.0001,0.08734029531478882,0.9433741474578495,0.2548175472201723,0.8384922785747514,0.910836477208843,19.47927498817444
308,0.0001,0.08738447492942214,0.9446158814643151,0.25789932409922284,0.8372510836614661,0.910086822399242,16.58682107925415
309,0.0001,0.08856367459520698,0.9428121231549108,0.25436442548578436,0.8399232595501768,0.9117410772242319,16.316835165023804
310,0.0001,0.0909464000724256,0.9418183995217351,0.24747007001530041,0.8430553841636678,0.913626589926614,17.22311568260193
311,0.0001,0.08974342560395598,0.9419247923856001,0.24832267291618115,0.8423735339789378,0.9132442010543778,17.394177436828613
312,0.0001,0.08884829562157393,0.94277693639354,0.24769128091407544,0.8431701373715986,0.9136932418335226,18.178088188171387
313,0.0001,0.08870495669543743,0.9426084717713418,0.2587685332153783,0.8339309705384825,0.9081038624219245,17.30723476409912
314,0.0001,0.08448361326009035,0.9455082037036991,0.25563500144264917,0.8368744813245975,0.909940272983811,18.091861486434937
315,0.0001,0.08620503963902593,0.944803327699533,0.25851336934349756,0.8356629982118149,0.9092348227071643,17.617058753967285
316,0.0001,0.08802528539672494,0.9445382854675273,0.2680372180360736,0.8295868546676377,0.9055980632811985,18.624189615249634
317,0.0001,0.08600807515904307,0.9456399546267412,0.25370121905297943,0.839503629962147,0.9114805891661903,17.689162731170654
318,0.0001,0.08577885013073683,0.9445678665333052,0.25272807930455066,0.8416213751764441,0.9126826376826251,17.4844229221344
319,0.0001,0.08538593864068389,0.9455858549848668,0.25615342277469055,0.8387612067435917,0.9110489597878788,18.123477697372437
320,0.0001,0.08370362082496285,0.9462348728852404,0.2551963816989552,0.8392636591847674,0.9112020719834606,18.055336236953735
321,0.0001,0.08480339217931032,0.9451946798082025,0.2587425130786318,0.8363933984862684,0.909551842821302,17.505677223205566
322,0.0001,0.08508279966190457,0.9442751801609464,0.2642520070075989,0.8342530176332305,0.9082748862109024,18.27012538909912
323,0.0001,0.08505786396563053,0.9444795336163521,0.2546408718282526,0.8406790829944156,0.9121171301442701,18.00027060508728
324,0.0001,0.08664436358958483,0.9445057604543167,0.2545308597160108,0.83993597667864,0.9116472528651105,17.598073482513428
325,0.0001,0.08480329439043999,0.9448804129240427,0.2608020414005626,0.8346715015027214,0.908594287635313,18.86304473876953
326,0.0001,0.08140973560512066,0.9475528768765944,0.26345298326376715,0.8327444786085546,0.9074591759732631,17.895089626312256
327,0.0001,0.08345445478335023,0.9464275332104644,0.2608036705941865,0.8348971892874382,0.9087811614111923,18.68404769897461
328,0.0001,0.08647115994244814,0.9440535300592845,0.26400628415021027,0.8325302277324583,0.9073017867034565,18.705729722976685
329,0.0001,0.08247342705726624,0.9465826040006599,0.257865568002065,0.8369778703737705,0.9099029430683838,19.066599369049072
330,0.0001,0.08468626160174608,0.945696904922198,0.25483126351327606,0.8391082514377722,0.9112523026773437,18.395829916000366
331,0.0001,0.08181732287630439,0.9471727734940099,0.2614820960796241,0.8353494376718675,0.9089211459571717,18.65233302116394
332,0.0001,0.08475992362946272,0.9452186568828008,0.25957382628411957,0.8366313496095348,0.9097047974426765,18.35528564453125
333,0.0001,0.08146807737648487,0.9477871800955749,0.26151358178167633,0.8357608865672542,0.9092018402710436,19.499274730682373
334,0.0001,0.08345354394987226,0.9463651613788829,0.25548681345852936,0.8379796232932023,0.9106316707331484,18.91469168663025
335,0.0001,0.08343798853456974,0.9462940535591844,0.25605789278492785,0.8372347360575564,0.9101575040013019,19.31833052635193
336,0.0001,0.08672144217416644,0.9435789216507784,0.27932751539981726,0.8258431765324054,0.9035009163478451,17.198663473129272
337,0.0001,0.08216621773317456,0.9470778700975191,0.27161818020271533,0.8310575776346117,0.9065579971059056,19.14531898498535
338,0.0001,0.08263689232990146,0.9469011422006327,0.2589652177059289,0.8357013583397547,0.9092907297990884,17.89154577255249
339,0.0001,0.08145024534314871,0.9481764080093673,0.2532457582878344,0.8407146396996685,0.9122361150924341,17.868310928344727
340,0.0001,0.08399455342441797,0.9459725933780954,0.2557988636421435,0.8394727052918866,0.911510541802787,17.683928728103638
341,0.0001,0.08356196014210582,0.9463960067371139,0.25305344480456726,0.8408546674799581,0.9123500797482952,17.50476098060608
342,0.0001,0.07977271033450961,0.9487876399924391,0.25028657190727466,0.8426233826528599,0.9133645541080618,17.598028421401978
343,0.0001,0.07815952831879258,0.94960047678674,0.25292822447690094,0.8414340346714592,0.9126705322474046,17.518742322921753
344,0.0001,0.08143832581117749,0.9482055187593043,0.2563486063119137,0.8389028188724176,0.911220738382371,16.766887187957764
345,0.0001,0.0834344676695764,0.9478220764677138,0.25952523946762085,0.8367333226107773,0.9099437379672811,17.67690896987915
346,0.0001,0.08209069422446191,0.947172312543155,0.2595595663244074,0.8366878584060752,0.9098523670019731,17.90839982032776
347,0.0001,0.08149412786588073,0.947069477317342,0.2560781384959365,0.8383294148825181,0.9107967149218428,17.721379041671753
348,0.0001,0.08063455717638135,0.9482706882757337,0.25952273787874164,0.835600045592755,0.9091264821518956,18.054288864135742
349,0.0001,0.08047446887940168,0.9478405691776073,0.2608966592586402,0.8342907140030353,0.9084617979589726,17.964237928390503
350,0.0001,0.08163732895627618,0.9477694627246094,0.2569913286151308,0.8372830075541807,0.9102551645511556,19.013745069503784
351,0.0001,0.0801139548420906,0.9483140732845271,0.2603094650037361,0.8355708407106771,0.9092420559118579,18.479788541793823
352,0.0001,0.08057412365451455,0.9475954937265981,0.258045955137773,0.8370777778564414,0.9100905917287888,17.296480417251587
353,0.0001,0.08067645831033587,0.9492284668086934,0.2603790308489944,0.8357396710780041,0.9091851178693112,19.62349271774292
354,0.0001,0.0795153770595789,0.9489164411731268,0.26120214931892627,0.8354573269880381,0.909008095619264,18.175783395767212
355,0.0001,0.07822729763574898,0.9501351089803883,0.26491127953384863,0.8328594938233371,0.9074597066189481,17.658368349075317
356,0.0001,0.07858103699982166,0.9497952850700243,0.26362671815987787,0.8333954911533187,0.9077984621990297,17.66218400001526
357,0.0001,0.07696650270372629,0.950274788542189,0.26452721790833905,0.8341092379866794,0.9082118478942335,17.410592317581177
358,0.0001,0.07814179779961705,0.9503910655994134,0.26276596025987103,0.8356157182137889,0.9090505036751436,19.00626039505005
359,0.0001,0.08138361433520913,0.9486663014439658,0.26149449926434143,0.8354064576475162,0.9089500503293488,18.070526599884033
360,0.0001,0.07777536055073142,0.9501664435321195,0.2653262759699966,0.8334430430915206,0.9077672038061637,17.865716695785522
361,0.0001,0.07732157548889518,0.9514892302189745,0.26149673534162116,0.8354237694113517,0.9089632819594726,17.809285163879395
362,0.0001,0.07762158522382379,0.9499436126940956,0.2573548772118308,0.8388288885344105,0.9110213960330836,18.317545890808105
363,0.0001,0.07541105058044195,0.9516440750293271,0.2577861457160025,0.8386549393821059,0.9109469946611455,18.157198429107666
364,0.0001,0.07782871089875698,0.9500587062098047,0.2603456305735039,0.8361436708741355,0.9094389425190627,18.375036001205444
365,0.0001,0.07834965642541647,0.9494191835598076,0.25697520646181976,0.8392750979778223,0.9113801852374903,16.685097455978394
366,0.0001,0.07478580344468355,0.9525767187697494,0.26129099455746735,0.83621497391202,0.9095170654395098,18.099162578582764
367,0.0001,0.0780817405320704,0.9511625236090495,0.2601870966680122,0.836475561137081,0.9096814294631179,17.510833501815796
368,0.0001,0.07711071614176035,0.9508035791230349,0.2563214789737355,0.8397453672256213,0.9116136678502649,18.086332082748413
369,0.0001,0.07479118346236646,0.9523773929862319,0.25895415833502106,0.8375300775707827,0.9103170217094725,15.384273052215576
370,0.0001,0.07405973505228758,0.952516786715232,0.25940925244129065,0.8368129029752315,0.9099142670460026,13.713893175125122
371,0.0001,0.07956646755337715,0.950030473172618,0.2585305734114213,0.8381349979345875,0.9107071124834116,12.411974906921387
372,0.0001,0.07748441165313125,0.9506449395226396,0.2632612911137668,0.8363170261853128,0.909518524205552,12.105259895324707
373,0.0001,0.0740223522298038,0.9523403446018393,0.2599442239963647,0.8375492619486712,0.9103056960081193,24.003806114196777
374,0.0001,0.07453120686113834,0.9525355360873445,0.25639689510518854,0.8395192975976424,0.9113855143945832,21.018542289733887
375,0.0001,0.07439967105165124,0.9531521788862641,0.2541551806709983,0.8410341048552544,0.9123714836163959,22.907482862472534
376,0.0001,0.0768930702470243,0.9513932262488136,0.2577668012994708,0.8394141629954734,0.911414575697865,20.513135194778442
377,0.0001,0.07484010187909007,0.9528729285412202,0.25962160753481317,0.8372779313597492,0.9100951148587125,22.62122392654419
378,0.0001,0.07519113458693027,0.952873108544842,0.26003688754457416,0.8375674316300855,0.9102410901739783,20.203080892562866
379,0.0001,0.07861762726679444,0.9492644652909352,0.2603643843621919,0.8368219169572537,0.9098681087411049,18.163705348968506
380,0.0001,0.07440345734357834,0.9535169380515819,0.26349439765467786,0.8361231927339182,0.9093891053808678,18.497192859649658
381,0.0001,0.07589356880635023,0.9525855214038463,0.25917319998596655,0.8380710788914155,0.9106318761390084,18.092669010162354
382,0.0001,0.07600062224082649,0.9522413855371672,0.2589209964781096,0.8374540895635801,0.910246956022954,16.98824691772461
383,0.0001,0.07483406271785498,0.9523277782296983,0.26435199650851166,0.8345685992928976,0.9085147838693827,17.20970058441162
384,0.0001,0.07779389945790172,0.9513491920817726,0.2595901597629894,0.837512180480593,0.9103171252377008,17.082083702087402
385,0.0001,0.07263652654364705,0.9543394297989742,0.2603550318515662,0.8372975557898187,0.9101057941295527,17.680151224136353
386,0.0001,0.07180891837924719,0.9541148667899813,0.26423859054392035,0.8346372886317529,0.9085630677780019,18.761975288391113
387,0.0001,0.07115636533126235,0.9546430268736245,0.26528688091220276,0.8335412563317576,0.9079096822295458,18.07162094116211
388,0.0001,0.0705966034438461,0.9560131061812654,0.26189987045345886,0.836142553984035,0.9094534684036453,16.85317635536194
389,0.0001,0.07281181961297989,0.953268429756672,0.2633147926041574,0.8352794873730162,0.9089763960914715,18.47994637489319
390,0.0001,0.0745262410491705,0.9527471724028849,0.26212951270016754,0.8365228001926406,0.9097414074296758,17.616405963897705
391,0.0001,0.07493363483808935,0.9515695950403008,0.260118128675403,0.8375991102137302,0.9104239234032011,17.7175874710083
392,0.0001,0.0730036839377135,0.9540438355690225,0.2673770117037224,0.8330260054400432,0.9075770583508582,15.34545373916626
393,0.0001,0.07522325124591589,0.9519529427820721,0.2644447973280242,0.8342479694393482,0.9083380740603131,14.111519813537598
394,0.0001,0.07415694463998079,0.9534402490671703,0.25891824743964453,0.838225025531617,0.9107132886220684,12.484770774841309
395,0.0001,0.08228639722801745,0.9473018112710564,0.26058510939280194,0.838259621616011,0.9106767955294548,11.702426195144653
396,0.0001,0.07385579636320472,0.9537671185907016,0.2663843902674588,0.8326964636702195,0.9073826503676161,19.108983516693115
397,0.0001,0.07450117589905858,0.9525560384846021,0.2673965204845775,0.8322295611525304,0.9071646105857383,22.358285903930664
398,0.0001,0.07362853363156319,0.9529407373908279,0.26779821244153107,0.8320149720326623,0.9069742579193165,20.388046264648438
399,0.0001,0.07543207565322518,0.9523536683682597,0.2703505844780893,0.8309470467771708,0.90633854498795,21.10265612602234
